aller;25;ver
inconnu;19;adj
chourineur;19;nr
homme;14;nom
goualeuse;14;nr
bras;13;nom
rouge;10;adj
écrier;8;ver
venir;7;ver
payer;7;ver
coup;7;nom
voir;6;ver
prendre;6;ver
maison;6;nom
lecteur;6;nom
trouver;5;ver
tapis;5;nom
répondre;5;ver
poing;5;nom
mettre;5;ver
maître;5;nom
justice;5;nom
franc;5;adj
fille;5;nom
femme;5;nom
eau;5;nom
charbonnier;5;adj
battre;5;ver
bandit;5;nom
voix;4;nom
sorte;4;nom
rue;4;nom
reprendre;4;ver
quartier;4;nom
petit;4;adj
parler;4;ver
ogresse;4;nom
oeil;4;nom
noir;4;adj
manger;4;ver
garder;4;ver
fois;4;nom
entendre;4;ver
doute;4;nom
connaître;4;ver
brigand;4;nom
blanc;4;adj
appeler;4;ver
voleur;3;nom
taverne;3;nom
taille;3;nom
suivre;3;ver
servir;3;ver
scène;3;nom
sauvage;3;adj
sang;3;nom
réverbère;3;nom
récit;3;nom
regarder;3;ver
porte;3;nom
pleuvoir;3;ver
pied;3;nom
peine;3;nom
pareil;3;adj
palais;3;nom
nuit;3;nom
moeurs;3;nom
lieu;3;nom
grand;3;adj
fer;3;nom
espèce;3;nom
entrer;3;ver
danser;3;ver
cité;3;nom
ciseau;3;nom
brusquement;3;adv
barbare;3;nom
bagne;3;nom
arrêter;3;ver
ajouter;3;ver
aff;3;nr
adversaire;3;nom
épisode;2;nom
école;2;nom
échafaud;2;nom
vrai;2;adj
vol;2;nom
vivre;2;ver
violent;2;adj
violemment;2;adv
vent;2;nom
tête;2;nom
tomber;2;ver
tenir;2;ver
temps;2;nom
songer;2;ver
sombre;2;adj
sentir;2;ver
sembler;2;ver
savate;2;nom
saisir;2;ver
réfugier;2;ver
rudement;2;adv
rester;2;ver
respectueux;2;adj
repaire;2;nom
reconnaître;2;ver
prêter;2;ver
précipiter;2;ver
profond;2;adj
prison;2;nom
premier;2;adj
pousser;2;ver
poignet;2;nom
plaindre;2;ver
physique;2;adj
pavé;2;nom
part;2;nom
oser;2;ver
oreille;2;nom
ogre;2;nom
obscur;2;adj
nouveau;2;adj
notre_dame;2;nom
nez;2;nom
murmurer;2;ver
muraille;2;nom
mot;2;nom
monde;2;nom
moment;2;nom
milieu;2;nom
meurtre;2;nom
mauvais;2;adj
marcher;2;ver
main;2;nom
lutte;2;nom
lueur;2;nom
lire;2;ver
lapin;2;nom
langue;2;nom
langage;2;nom
jour;2;nom
jeu;2;nom
jambe;2;nom
inspirer;2;ver
infect;2;adj
imposer;2;ver
horrible;2;adj
heure;2;nom
grêle;2;nom
gens;2;nom
fameux;2;adj
défenseur;2;nom
doux;2;adj
donner;2;ver
diriger;2;ver
demander;2;ver
crédit;2;nom
couleur;2;nom
cooper;2;nr
civilisation;2;nom
changer;2;ver
cabaret;2;nom
boire;2;ver
blouse;2;nom
bas;2;adj
avertir;2;ver
athlétique;2;adj
approcher;2;ver
anxiété;2;nom
aide;2;nom
adresser;2;ver
étroit;1;adj
étrange;1;adj
étourdi;1;adj
étouffer;1;ver
étonnement;1;nom
étendre;1;ver
étalage;1;nom
étage;1;nom
épurera;1;nr
éprouver;1;ver
épaule;1;nom
épais;1;adj
énergique;1;adj
énergie;1;nom
éloigner;1;ver
éloi;1;nr
élancer;1;ver
égratigner;1;ver
écrire;1;ver
écouter;1;ver
écoeurer;1;ver
éclairé;1;adj
échelon;1;nom
échelle;1;nom
échapper;1;ver
éblouissement;1;nom
çà;1;adv
à_jeun;1;adv
walter;1;nom
vêtir;1;ver
vêtement;1;nom
vulgairement;1;adv
voûté;1;adj
voisin;1;nom
voie;1;nom
vitre;1;nom
violon;1;nom
ville;1;nom
vigueur;1;nom
vigoureux;1;adj
vie;1;nom
victime;1;nom
viande;1;nom
verre;1;nom
vermoulu;1;adj
vanter;1;ver
valeur;1;nom
vacillant;1;adj
tôt;1;adv
tâcher;1;ver
tâche;1;nom
type;1;nom
turner;1;nr
trébucher;1;ver
troisième;1;adj
tripier;1;nom
tribunal;1;nom
tribu;1;nom
trembler;1;ver
traverser;1;ver
travers;1;nom
tranquille;1;adj
trait;1;nom
tracer;1;ver
tortueux;1;adj
torrent;1;nom
toper;1;ver
tonnerre;1;nom
tirer;1;ver
timbre;1;nom
terrible;1;adj
terreur;1;nom
terre;1;nom
terrain;1;nom
tendre;1;adj
taire;1;ver
tableau;1;nom
sûreté;1;nom
sûr;1;adj
séant;1;nom
svelte;1;adj
surveiller;1;ver
surprendre;1;ver
surnommer;1;ver
surnom;1;nom
supériorité;1;nom
sujet;1;nom
spectacle;1;nom
souriant;1;adj
souper;1;nom
sorgue;1;nr
sonner;1;ver
soirée;1;nom
social;1;adj
situer;1;ver
sinistre;1;adj
singulier;1;adj
signifier;1;ver
seulement;1;adv
seuil;1;nom
serrer;1;ver
serrement;1;nom
secours;1;nom
seconde;1;nom
scott;1;nr
sanguinaire;1;adj
sanglier;1;nom
saisissant;1;adj
saint;1;nom
rôder;1;ver
répéter;1;ver
région;1;nom
règle;1;nom
ruse;1;nom
ruisseau;1;nom
rugissant;1;adj
ruelle;1;nom
rougir;1;ver
rome;1;nr
rixe;1;nom
rincer;1;ver
ridicule;1;adj
rez_de_chaussée;1;nom
revenir;1;ver
revengée;1;nr
revenger;1;nr
revendeur;1;nom
retrouver;1;ver
ressentiment;1;nom
reptile;1;nom
reproduire;1;ver
reproduction;1;nom
repoussoir;1;nom
repoussant;1;adj
renverser;1;ver
renoncer;1;ver
rendre;1;ver
rendez_vous;1;nom
remuer;1;ver
remplir;1;ver
remontrance;1;nom
remercier;1;ver
rejoindre;1;ver
rejeter;1;ver
regretterions;1;nr
refuser;1;ver
refrain;1;nom
refléter;1;ver
refaire;1;ver
redouter;1;ver
reculer;1;ver
recommencer;1;ver
rechercher;1;ver
rebut;1;nom
rassembler;1;ver
rare;1;adj
rancune;1;nom
ralentir;1;ver
raisonner;1;ver
raison;1;nom
raisiné;1;nom
raffermissant;1;nr
rafale;1;nom
race;1;nom
question;1;nom
pénétrer;1;ver
père;1;nom
pâle;1;adj
puits;1;nom
puissance;1;nom
pugilat;1;nom
prévenir;1;ver
prétention;1;nom
pré;1;nom
protecteur;1;nom
proposer;1;ver
propos;1;nom
pratiquer;1;ver
poétique;1;adj
poursuivre;1;ver
poursuite;1;nom
poser;1;ver
porche;1;nom
population;1;nom
populaire;1;adj
pont;1;nom
police;1;nom
pluvieux;1;adj
plutôt;1;adv
pluie;1;nom
placer;1;ver
pittoresque;1;adj
pitié;1;nom
pitancher;1;ver
piquer;1;ver
peur;1;nom
peuple;1;nom
peuplade;1;nom
persévérer;1;ver
personnage;1;nom
perpendiculaire;1;adj
percer;1;ver
pendre;1;ver
peindre;1;ver
peau;1;nom
pauvre;1;adj
patte;1;nom
passer;1;ver
passage;1;nom
parvenir;1;ver
partir;1;ver
partager;1;ver
parisien;1;adj
pari;1;nom
parfait;1;adj
page;1;nom
ordinairement;1;adv
opposition;1;nom
ombre;1;nom
occuper;1;ver
observer;1;ver
obscurité;1;nom
nouvelle;1;adj
noirâtre;1;adj
nerf;1;nom
naturel;1;adj
narration;1;nom
méthode;1;nom
métaphore;1;nom
mère;1;nom
mâle;1;nom
mystérieux;1;adj
muscle;1;nom
mouvement;1;nom
monter;1;ver
monnaie;1;nom
misérable;1;adj
minute;1;nom
mine;1;nom
mesure;1;nom
merveilleux;1;adj
menaçant;1;adj
megs;1;nr
meg;1;nr
marteau;1;nom
marche;1;nom
marchand;1;nom
marais;1;nom
malheureux;1;adj
malfaiteur;1;nom
macarone;1;nr
lâche;1;nom
lugubre;1;adj
loyer;1;nom
londres;1;nr
lointain;1;adj
linge;1;nom
licence;1;nom
libérer;1;ver
lever;1;ver
lestement;1;adv
laver;1;ver
large;1;adj
laisser;1;ver
jurement;1;nr
jouer;1;ver
jeter;1;ver
jars;1;nom
jack;1;nom
irrésistible;1;adj
investigation;1;nom
intérieurement;1;adv
intelligence;1;nom
infernal;1;adj
incroyable;1;adj
impérieux;1;adj
impur;1;adj
immonde;1;adj
image;1;nom
hâter;1;ver
humide;1;adj
horloge;1;nom
honnête;1;adj
hideux;1;adj
hausser;1;ver
hasardé;1;adj
hasard;1;nom
hardi;1;adj
hanté;1;adj
habitude;1;nom
habiter;1;ver
habitant;1;nom
habileté;1;nom
généralement;1;adv
grinçant;1;adj
grinché;1;nr
grinche;1;adj
grimper;1;ver
grillager;1;ver
graviter;1;ver
gravir;1;ver
gorge;1;nom
glacé;1;adj
gentil;1;adj
genre;1;nom
gantelet;1;nom
féroce;1;adj
fève;1;nom
furieux;1;adj
furie;1;nom
funeste;1;adj
fuir;1;ver
frêle;1;adj
frémir;1;ver
froid;1;adj
frileux;1;adj
frapper;1;ver
frais;1;adj
fourmilleront;1;nr
fouetter;1;ver
forçat;1;nom
formidable;1;adj
forger;1;ver
fond;1;nom
foi;1;nom
fixer;1;ver
finir;1;ver
fin;1;nom
filoche;1;nom
filet;1;nom
figure;1;nom
fidèle;1;adj
festonner;1;ver
ferlampier;1;nr
fenêtre;1;nom
fauchants;1;nr
fatal;1;adj
fangeux;1;adj
fange;1;nom
faim;1;nom
extraordinaire;1;adj
explosion;1;nom
existence;1;nom
exigence;1;nom
excursion;1;nom
exciter;1;ver
excentrique;1;adj
estaminet;1;nom
essayer;1;ver
espagne;1;nr
escroc;1;nom
esclave;1;nom
escarpe;1;nr
escalier;1;nom
envie;1;nom
entreprendre;1;ver
enragé;1;adj
ennemi;1;nom
engouffrer;1;ver
engager;1;ver
enfoncer;1;ver
enduire;1;ver
emprunter;1;ver
embusqué;1;adj
embusquer;1;ver
effroyable;1;adj
effroi;1;nom
effrayer;1;ver
effrayant;1;adj
effort;1;nom
eau_de_vie;1;nom
dévides;1;nr
dépouille;1;nom
déployer;1;ver
délicat;1;adj
déjeuner;1;nom
dégradation;1;nom
dégouttant;1;adj
défiance;1;nom
défaut;1;nom
dédale;1;nom
décider;1;ver
décembre;1;nom
début;1;nom
débarrasser;1;ver
douloureux;1;adj
douleur;1;nom
doublement;1;adv
double;1;adj
distinguer;1;ver
digne;1;adj
difformité;1;nom
dieu;1;nom
dextérité;1;nom
devanture;1;nom
dernier;1;adj
dent;1;nom
denrée;1;nom
demi_voix;1;nr
curiosité;1;nom
curieux;1;adj
cuisine;1;nom
créature;1;nom
cruauté;1;nom
cru;1;adj
croc_en_jambe;1;nom
criminel;1;nom
crime;1;nom
cri;1;nom
crever;1;ver
cravate;1;nom
crampon;1;nom
craintif;1;adj
craindre;1;ver
coupable;1;adj
couler;1;ver
coudoyer;1;ver
coucher;1;ver
corde;1;nom
conversation;1;nom
contraste;1;nom
continuer;1;ver
content;1;adj
constitution;1;nom
considération;1;nom
consentir;1;ver
conduire;1;ver
condamner;1;ver
concerter;1;ver
compter;1;ver
compagnon;1;nom
commettre;1;ver
combat;1;nom
colère;1;nom
colossal;1;adj
coloquinte;1;nom
colon;1;nom
collet;1;nom
coeur;1;nom
cloaque;1;nom
clarté;1;nom
clair;1;adj
circonscrire;1;ver
châssis;1;nom
chouriné;1;nr
chourinades;1;nr
charger;1;ver
chanter;1;ver
chance;1;nom
centre;1;nom
caverne;1;nom
carreau;1;nom
caractère;1;nom
capable;1;adj
calotte;1;nom
cadet;1;nom
bruit;1;nom
bringues;1;nr
brave;1;adj
boxeur;1;nom
boutique;1;nom
bourru;1;adj
boule;1;nom
boue;1;nom
bonsoir;1;nom
boeuf;1;nom
blafard;1;adj
bise;1;nom
besoin;1;nom
batterie;1;nom
aventurer;1;ver
avantage;1;nom
avancer;1;ver
aussitôt;1;adv
audacieux;1;adj
au_dessous;1;adv
attraction;1;nom
attentivement;1;adv
atout;1;nom
atmosphère;1;nom
assommer;1;ver
assister;1;ver
assener;1;ver
assassin;1;nom
asile;1;nom
art;1;nom
argot;1;nom
argentin;1;adj
argent;1;nom
ardent;1;adj
appétit;1;nom
apprendre;1;ver
annoncer;1;ver
annonce;1;nom
anglais;1;nom
américain;1;adj
amour;1;nom
ami;1;nom
alcides;1;nr
air;1;nom
aimer;1;ver
aileron;1;nom
aigu;1;adj
aguiché;1;nr
agité;1;adj
affaire;1;nom
admiration;1;nom
admirable;1;adj
admettre;1;ver
acier;1;nom
achever;1;ver
acharné;1;adj
accuser;1;ver
abri;1;nom
aborder;1;ver
abonder;1;ver